,bps,clean_sheets,element_type,news_added,now_cost,own_goals,penalties_missed,photo,points_per_game,red_cards,second_name,threat,web_name,yellow_cards,Player,PID,Team,Apps,Minutes,Goals,Assists,xG,xA,xG90,xA90,Position
0,130,1,1,2018-09-29T17:31:14Z,50,0,0,11334.jpg,3.4,0,Cech,0,Cech,0,Petr Cech,288,Arsenal,35,3097,0,0,0.0,0.0,0.0,0.0,Unfilled
1,0,0,2,2018-07-05T14:31:07Z,54,0,0,51507.jpg,0.0,0,Koscielny,0,Koscielny,0,Laurent Koscielny,124,Arsenal,33,2828,2,0,1.33,0.2,0.04,0.01,Unfilled
2,124,2,2,2018-10-22T19:31:15Z,55,0,0,38411.jpg,4.3,0,Monreal,161,Monreal,1,Nacho Monreal,290,Arsenal,36,3152,0,2,1.13,1.93,0.03,0.06,Unfilled
3,190,2,2,,54,0,0,69140.jpg,2.8,0,Mustafi,103,Mustafi,2,Shkodran Mustafi,160,Arsenal,26,2274,2,2,1.1,0.97,0.04,0.04,Unfilled
4,118,3,3,2018-08-02T07:01:09Z,74,0,0,41792.jpg,3.1,0,Ramsey,156,Ramsey,0,Aaron Ramsey,170,Arsenal,23,1212,1,4,3.51,4.43,0.26,0.33,Unfilled
5,106,0,3,2018-09-03T09:01:13Z,55,0,0,153133.jpg,3.3,0,Iwobi,112,Iwobi,0,Alex Iwobi,98,Arsenal,26,1471,3,3,3.23,2.22,0.2,0.14,Unfilled
6,0,0,3,2018-10-31T10:31:13Z,43,0,0,153256.jpg,0.0,0,Elneny,0,Elneny,0,Mohamed Elneny,291,Arsenal,14,693,0,1,0.55,0.13,0.07,0.02,Unfilled
7,164,2,3,,53,0,0,84450.jpg,3.1,0,Xhaka,65,Xhaka,4,Granit Xhaka,120,Arsenal,32,2492,2,2,0.91,2.12,0.03,0.08,Unfilled
8,85,0,3,2018-09-21T11:31:13Z,67,0,0,57249.jpg,3.0,0,Mkhitaryan,187,Mkhitaryan,0,Henrikh Mkhitaryan,74,Manchester United,24,1347,4,1,2.71,3.52,0.18,0.24,Unfilled
9,63,0,4,2018-11-08T23:01:14Z,65,0,0,50175.jpg,2.4,0,Welbeck,66,Welbeck,0,Danny Welbeck,125,Arsenal,16,743,2,2,3.47,1.16,0.42,0.14,Unfilled
10,208,4,1,,45,0,0,40349.jpg,3.4,0,Begovic,0,Begovic,0,Asmir Begovic,358,Chelsea,2,180,0,0,0.0,0.0,0.0,0.0,Unfilled
11,0,0,1,,40,0,0,18726.jpg,0.0,0,Boruc,0,Boruc,0,Artur Boruc,275,Bournemouth,35,3150,0,0,0.0,0.02,0.0,0.0,Unfilled
12,161,3,2,2018-11-03T12:31:13Z,44,0,0,15149.jpg,2.5,0,Francis,26,Francis,0,Simon Francis,276,Bournemouth,34,2945,0,1,0.17,1.57,0.01,0.05,Unfilled
13,243,4,2,,46,0,0,56917.jpg,3.7,0,Cook,114,Steve Cook,1,Steve Cook,121,Bournemouth,38,3420,2,0,1.65,0.48,0.04,0.01,Unfilled
14,82,2,2,2018-10-27T14:01:13Z,42,0,0,41320.jpg,3.2,0,Daniels,37,Daniels,1,Charlie Daniels,75,Bournemouth,34,3060,4,3,1.61,2.17,0.05,0.06,Unfilled
15,184,4,2,2018-11-10T17:31:13Z,45,0,0,54469.jpg,3.1,1,Smith,51,Adam Smith,1,Adam Smith,222,Bournemouth,36,3094,1,5,1.39,4.81,0.04,0.14,Unfilled
16,0,0,3,2018-08-29T15:31:12Z,43,0,0,20037.jpg,0.0,0,Pugh,0,Pugh,0,Marc Pugh,123,Bournemouth,21,1345,2,2,1.6,1.88,0.11,0.13,Unfilled
17,52,1,3,,47,0,0,15237.jpg,1.7,0,Surman,15,Surman,1,Andrew Surman,277,Bournemouth,22,1803,0,1,0.51,0.44,0.03,0.02,Unfilled
18,55,0,3,2018-11-10T17:31:13Z,60,0,0,56872.jpg,2.8,0,Stanislas,65,Stanislas,1,Junior Stanislas,33,Bournemouth,21,1489,7,5,4.85,3.85,0.29,0.23,Unfilled
19,69,1,3,2018-09-23T00:01:15Z,48,0,0,40387.jpg,1.3,0,Gosling,54,Gosling,3,Dan Gosling,122,Bournemouth,27,1336,2,0,1.46,0.78,0.1,0.05,Unfilled
20,13,0,3,,51,0,0,103912.jpg,1.2,0,Ibe,54,Ibe,0,Jordon Ibe,284,Bournemouth,25,1067,0,0,0.84,1.05,0.07,0.09,Unfilled
21,276,4,3,2018-10-20T13:01:16Z,62,0,0,90105.jpg,5.8,0,Fraser,251,Fraser,1,Ryan Fraser,116,Bournemouth,28,1774,3,5,2.11,3.62,0.11,0.18,Unfilled
22,220,4,4,,68,0,1,75115.jpg,6.0,0,Wilson,514,Wilson,3,Callum Wilson,46,Bournemouth,20,1382,6,0,5.37,0.55,0.35,0.04,Unfilled
23,141,4,4,2018-10-26T10:01:17Z,63,0,0,78007.jpg,4.9,0,King,260,King,1,Joshua King,8,Bournemouth,36,2734,16,2,10.91,2.41,0.36,0.08,Unfilled
24,204,3,2,,48,0,0,51927.jpg,2.5,0,Mee,53,Mee,1,Ben Mee,236,Burnley,34,3018,1,0,0.9,0.23,0.03,0.01,Unfilled
25,44,1,2,2018-10-16T15:31:15Z,47,0,0,40616.jpg,2.3,0,Ward,19,Ward,1,Stephen Ward,237,Burnley,37,3233,1,1,1.38,2.21,0.04,0.06,Unfilled
26,170,3,3,2018-11-11T12:31:15Z,60,0,0,60586.jpg,4.7,0,Gudmundsson,175,Gudmundsson,2,Johann Berg Gudmundsson,241,Burnley,20,988,1,2,0.61,1.21,0.06,0.11,Unfilled
27,48,0,3,2018-11-10T17:31:13Z,54,0,0,39847.jpg,1.8,0,Defour,0,Defour,0,Steven Defour,238,Burnley,21,1088,1,3,0.49,1.18,0.04,0.1,Unfilled
28,67,1,3,,53,0,0,83314.jpg,2.1,0,Hendrick,139,Hendrick,2,Jeff Hendrick,164,Burnley,32,2698,2,1,1.31,0.65,0.04,0.02,Unfilled
29,16,0,3,2018-10-28T13:31:14Z,54,0,0,90517.jpg,1.7,0,Brady,30,Brady,2,Robbie Brady,219,Burnley,14,710,1,2,0.77,1.61,0.1,0.2,Unfilled
30,141,2,3,2018-08-03T12:31:10Z,45,0,0,60551.jpg,2.5,0,Westwood,66,Westwood,2,Ashley Westwood,351,Burnley,9,549,0,0,0.03,0.15,0.01,0.02,Unfilled
31,122,3,3,2018-11-10T14:01:14Z,47,0,0,40145.jpg,2.0,0,Cork,57,Cork,3,Jack Cork,362,Swansea,30,2233,0,0,1.33,1.22,0.05,0.05,Unfilled
32,96,3,3,2018-10-26T14:31:14Z,50,0,0,17349.jpg,3.1,0,Lennon,104,Lennon,1,Aaron Lennon,328,Everton,11,511,0,1,0.28,0.53,0.05,0.09,Unfilled
33,83,2,4,,53,0,0,40399.jpg,2.7,0,Vokes,209,Vokes,0,Sam Vokes,21,Burnley,37,2030,10,3,8.35,1.53,0.37,0.07,Unfilled
34,70,1,4,2018-07-24T09:01:08Z,57,0,0,44699.jpg,2.0,0,Barnes,86,Barnes,1,Ashley Barnes,59,Burnley,28,1788,6,2,6.59,2.39,0.33,0.12,Unfilled
35,69,2,3,2018-11-04T12:01:15Z,49,0,0,48615.jpg,1.6,0,Arter,44,Arter,5,Harry Arter,231,Bournemouth,35,2963,1,4,3.23,2.12,0.1,0.06,Unfilled
36,0,0,1,2018-08-09T06:49:10Z,55,0,0,60772.jpg,0.0,0,Courtois,0,Courtois,0,Thibaut Courtois,352,Chelsea,36,3240,0,0,0.0,0.0,0.0,0.0,Unfilled
37,0,0,1,,48,0,0,20310.jpg,0.0,0,Caballero,0,Caballero,0,Willy Caballero,337,Manchester City,17,1450,0,0,0.0,0.0,0.0,0.0,Unfilled
38,3,0,2,,51,0,0,19419.jpg,1.0,0,Cahill,0,Cahill,0,Gary Cahill,49,Chelsea,37,3299,6,0,3.3,0.17,0.09,0.0,Unfilled
39,299,5,2,,70,0,0,82263.jpg,6.6,0,Alonso,186,Alonso,1,Marcos Alonso,58,Chelsea,31,2696,6,3,4.15,3.15,0.14,0.11,Unfilled
40,3,0,2,,56,0,0,49013.jpg,1.0,0,Moses,6,Moses,0,Victor Moses,103,Chelsea,34,2519,3,2,4.05,2.63,0.14,0.09,Unfilled
41,275,3,3,2018-10-24T13:01:14Z,113,0,0,42786.jpg,7.3,0,Hazard,451,Hazard,1,Eden Hazard,9,Chelsea,36,3050,16,5,11.03,6.44,0.33,0.19,Unfilled
42,155,3,3,2018-10-20T11:31:16Z,60,0,0,88894.jpg,4.6,0,Barkley,163,Barkley,0,Ross Barkley,62,Everton,36,2922,5,8,6.94,7.26,0.21,0.22,Unfilled
43,0,0,3,,47,0,0,61603.jpg,0.0,0,Drinkwater,0,Drinkwater,0,Daniel Drinkwater,213,Leicester,29,2466,1,1,1.14,1.12,0.04,0.04,Unfilled
44,33,1,3,2018-09-28T13:01:14Z,52,0,0,126187.jpg,3.3,0,Loftus-Cheek,47,Loftus-Cheek,0,Ruben Loftus-Cheek,354,Chelsea,6,23,0,0,0.14,0.0,0.54,0.0,Unfilled
45,75,3,4,2018-11-01T11:31:13Z,77,0,0,44346.jpg,3.0,0,Giroud,197,Giroud,0,Olivier Giroud,17,Arsenal,29,1170,12,3,7.0,2.01,0.54,0.15,Unfilled
46,218,3,1,,46,0,0,20066.jpg,3.8,0,Hennessey,0,Hennessey,0,Wayne Hennessey,295,Crystal Palace,29,2610,0,0,0.0,0.09,0.0,0.0,Unfilled
47,164,3,2,2018-11-10T20:01:15Z,43,0,0,49413.jpg,2.3,0,Tomkins,61,Tomkins,3,James Tomkins,100,Crystal Palace,24,1984,3,0,4.0,0.1,0.18,0.0,Unfilled
48,0,0,2,2018-07-05T14:31:07Z,44,0,0,19188.jpg,0.0,0,Dann,0,Dann,0,Scott Dann,99,Crystal Palace,23,1746,3,1,1.39,0.92,0.07,0.05,Unfilled
49,24,0,2,,39,0,0,58786.jpg,1.0,0,Kelly,0,Kelly,0,Martin Kelly,303,Crystal Palace,29,2145,0,2,0.24,0.53,0.01,0.02,Unfilled
50,225,3,2,,50,0,0,40784.jpg,2.8,0,Sakho,13,Sakho,1,Mamadou Sakho,285,Crystal Palace,8,688,0,0,0.14,0.27,0.02,0.04,Unfilled
51,1,0,3,,43,0,0,19197.jpg,1.0,0,Puncheon,0,Puncheon,0,Jason Puncheon,299,Crystal Palace,36,3099,0,5,1.79,5.03,0.05,0.15,Unfilled
52,115,3,3,,47,0,0,50471.jpg,2.3,0,McArthur,98,McArthur,2,James McArthur,65,Crystal Palace,29,2034,5,3,1.7,2.35,0.08,0.1,Unfilled
53,0,0,3,2018-08-12T10:04:56Z,50,0,0,44343.jpg,0.0,0,Sako,0,Sako,0,Bakary Sako,301,Crystal Palace,7,121,0,0,0.13,0.09,0.1,0.07,Unfilled
54,138,3,3,,57,0,0,60252.jpg,2.6,0,Townsend,219,Townsend,1,Andros Townsend,109,Crystal Palace,36,2542,3,4,3.33,5.83,0.12,0.21,Unfilled
55,191,3,3,,60,0,1,66975.jpg,3.0,0,Milivojevic,142,Milivojevic,2,Luka Milivojevic,167,Crystal Palace,14,1230,2,0,1.99,0.64,0.15,0.05,Unfilled
56,122,3,4,2018-11-10T20:01:15Z,68,0,0,82403.jpg,3.8,0,Zaha,308,Zaha,3,Wilfried Zaha,36,Crystal Palace,35,3033,7,9,5.57,4.54,0.17,0.13,Unfilled
57,5,1,4,2018-09-06T10:01:13Z,63,0,0,54861.jpg,2.0,0,Benteke,170,Benteke,0,Christian Benteke,10,Crystal Palace,36,3153,15,2,17.36,2.06,0.5,0.06,Unfilled
58,6,0,2,2018-11-10T16:31:13Z,43,0,0,55494.jpg,1.0,0,Ward,4,Ward,0,Joel Ward,296,Crystal Palace,38,3420,0,1,0.94,0.86,0.02,0.02,Unfilled
59,2,0,4,2018-11-02T14:31:13Z,49,0,0,59125.jpg,1.0,0,Wickham,0,Wickham,0,Connor Wickham,127,Crystal Palace,8,406,2,0,1.09,0.0,0.24,0.0,Unfilled
60,22,2,4,,57,0,0,80146.jpg,2.1,0,Ayew,150,Ayew,1,Jordan Ayew,202,Swansea,14,858,1,3,1.02,1.84,0.11,0.19,Unfilled
61,0,0,1,2018-07-05T14:31:07Z,40,0,0,10318.jpg,0.0,0,Stekelenburg,0,Stekelenburg,0,Maarten Stekelenburg,393,Everton,19,1685,0,0,0.0,0.0,0.0,0.0,Unfilled
62,40,0,2,,51,0,0,12745.jpg,1.3,0,Baines,15,Baines,0,Leighton Baines,131,Everton,32,2827,2,3,2.75,2.69,0.09,0.09,Unfilled
63,116,1,2,2018-09-10T17:01:14Z,52,0,0,59949.jpg,2.9,0,Coleman,72,Coleman,1,Seamus Coleman,78,Everton,26,2317,4,3,1.38,2.76,0.05,0.11,Unfilled
64,-5,0,2,2018-11-02T18:01:13Z,43,0,0,7645.jpg,-3.0,1,Jagielka,0,Jagielka,0,Phil Jagielka,105,Everton,27,2252,3,2,1.27,0.7,0.05,0.03,Unfilled
65,0,0,2,2018-08-03T09:26:19Z,45,0,0,19159.jpg,0.0,0,Williams,0,Williams,0,Ashley Williams,206,Everton,36,3156,1,3,1.36,1.21,0.04,0.03,Unfilled
66,191,2,2,2018-09-23T14:31:13Z,49,0,0,106611.jpg,4.3,0,Keane,154,Keane,0,Michael Keane,155,Burnley,35,3150,2,1,1.46,0.99,0.04,0.03,Unfilled
67,0,0,2,2018-08-17T15:01:12Z,45,0,0,56192.jpg,0.0,0,Martina,0,Martina,0,Cuco Martina,391,Southampton,9,595,0,0,0.03,0.22,0.01,0.03,Unfilled
68,122,2,3,2018-09-16T14:01:13Z,63,0,0,20467.jpg,3.6,0,Walcott,260,Walcott,0,Theo Walcott,19,Arsenal,28,1944,10,2,9.9,2.53,0.46,0.12,Unfilled
69,0,0,3,2018-07-05T14:31:07Z,44,0,0,50472.jpg,0.0,0,McCarthy,0,McCarthy,0,James McCarthy,183,Everton,12,608,1,1,0.46,0.25,0.07,0.04,Unfilled
70,158,2,3,2018-10-14T22:01:15Z,48,0,0,80801.jpg,1.8,0,Gueye,31,Gueye,3,Idrissa Gueye,200,Everton,33,2700,1,1,1.99,2.14,0.07,0.07,Unfilled
71,62,1,3,,52,0,0,173807.jpg,1.8,0,Davies,26,Davies,2,Tom Davies,152,Everton,24,1540,2,3,1.4,1.97,0.08,0.11,Unfilled
72,25,0,3,2018-09-01T13:01:13Z,51,0,0,219352.jpg,1.6,0,Lookman,9,Lookman,0,Ademola Lookman,266,Everton,8,289,1,0,1.14,0.0,0.36,0.0,Unfilled
73,237,2,3,,75,0,1,55422.jpg,4.9,0,Sigurdsson,288,Sigurdsson,1,Gylfi Sigurdsson,24,Swansea,38,3329,9,13,8.57,8.27,0.23,0.22,Unfilled
74,71,0,4,2018-09-11T17:01:14Z,53,0,0,177815.jpg,2.2,0,Calvert-Lewin,122,Calvert-Lewin,1,Dominic Calvert-Lewin,265,Everton,11,340,1,0,1.25,0.0,0.33,0.0,Unfilled
75,0,0,3,2018-08-05T06:50:01Z,55,0,0,26901.jpg,0.0,0,Mirallas,0,Mirallas,0,Kevin Mirallas,79,Everton,35,2100,4,6,3.55,3.73,0.15,0.16,Unfilled
76,51,0,2,2018-09-27T15:31:13Z,49,0,0,149266.jpg,0.6,0,Mawson,17,Mawson,1,Alfie Mawson,92,Swansea,27,2430,4,0,2.05,0.39,0.08,0.01,Unfilled
77,64,0,2,2018-09-29T16:31:14Z,45,1,0,201084.jpg,0.6,0,Fosu-Mensah,26,Fosu-Mensah,2,Timothy Fosu-Mensah,311,Manchester United,4,95,0,0,0.03,0.0,0.03,0.0,Unfilled
78,208,4,1,,50,0,0,17745.jpg,3.3,0,Schmeichel,4,Schmeichel,1,Kasper Schmeichel,375,Leicester,30,2668,0,0,0.0,0.0,0.0,0.0,Unfilled
79,114,3,2,2018-10-06T17:01:15Z,45,0,0,15033.jpg,2.3,2,Morgan,52,Morgan,1,Wes Morgan,211,Leicester,27,2430,1,0,1.87,0.13,0.07,0.0,Unfilled
80,0,0,2,,42,0,0,37402.jpg,0.0,0,Fuchs,0,Fuchs,0,Christian Fuchs,142,Leicester,36,3108,2,4,1.35,3.47,0.04,0.1,Unfilled
81,5,0,2,2018-07-23T19:01:08Z,42,0,0,40725.jpg,1.0,0,Simpson,0,Simpson,0,Danny Simpson,376,Leicester,35,2994,0,2,0.11,0.84,0.0,0.03,Unfilled
82,99,1,3,2018-07-23T19:01:08Z,52,0,0,51938.jpg,2.0,0,Albrighton,131,Albrighton,1,Marc Albrighton,143,Leicester,33,2449,2,6,1.28,4.64,0.05,0.17,Unfilled
83,100,3,3,2018-10-27T15:31:14Z,54,0,0,172632.jpg,3.7,0,Gray,175,Gray,1,Demarai Gray,216,Leicester,30,1015,1,3,0.98,1.79,0.09,0.16,Unfilled
84,103,1,3,2018-10-27T19:01:14Z,44,0,0,155569.jpg,1.7,0,Amartey,21,Amartey,2,Daniel Amartey,215,Leicester,24,1651,1,1,0.83,0.56,0.05,0.03,Unfilled
85,184,4,3,,49,0,0,203341.jpg,2.8,0,Ndidi,133,Ndidi,2,Wilfred Ndidi,166,Leicester,17,1523,2,1,1.85,0.98,0.11,0.06,Unfilled
86,97,4,4,2018-10-25T14:01:15Z,90,0,0,101668.jpg,3.5,1,Vardy,333,Vardy,0,Jamie Vardy,15,Leicester,35,2822,13,5,9.95,4.68,0.32,0.15,Unfilled
87,18,0,4,2018-08-25T13:01:12Z,52,0,0,78412.jpg,1.0,0,Okazaki,36,Okazaki,0,Shinji Okazaki,108,Leicester,30,1594,3,1,2.96,1.24,0.17,0.07,Unfilled
88,108,1,4,,59,0,0,173515.jpg,3.3,0,Iheanacho,146,Iheanacho,1,Kelechi Iheanacho,82,Manchester City,20,515,4,3,4.74,2.53,0.83,0.44,Unfilled
89,0,0,1,2018-09-14T13:01:14Z,48,0,0,66797.jpg,0.0,0,Mignolet,0,Mignolet,0,Simon Mignolet,286,Liverpool,28,2520,0,0,0.0,0.0,0.0,0.0,Unfilled
90,0,0,1,2018-08-27T06:55:46Z,49,0,0,104542.jpg,0.0,0,Karius,0,Karius,0,Loris Karius,268,Liverpool,10,900,0,0,0.0,0.0,0.0,0.0,Unfilled
91,75,2,2,2018-11-07T02:01:16Z,49,0,0,38454.jpg,6.7,0,Lovren,6,Lovren,0,Dejan Lovren,133,Liverpool,29,2559,2,1,1.14,0.44,0.04,0.02,Unfilled
92,13,0,2,,42,0,0,100059.jpg,2.0,0,Moreno,5,Moreno,0,Alberto Moreno,334,Liverpool,12,282,0,1,0.21,0.31,0.07,0.1,Unfilled
93,0,0,2,2018-11-05T10:01:14Z,46,0,0,57328.jpg,0.0,0,Clyne,0,Clyne,0,Nathaniel Clyne,333,Liverpool,37,3326,0,2,1.43,4.6,0.04,0.12,Unfilled
94,55,1,2,2018-08-20T19:01:12Z,49,0,0,60914.jpg,3.8,0,Matip,17,Matip,0,Joel Matip,168,Liverpool,29,2453,1,0,3.1,0.51,0.11,0.02,Unfilled
95,0,0,2,2018-08-08T07:01:10Z,44,0,0,33871.jpg,0.0,0,Klavan,0,Klavan,0,Ragnar Klavan,272,Liverpool,20,1402,0,0,0.19,0.18,0.01,0.01,Unfilled
96,253,6,2,2018-10-20T15:31:16Z,60,0,0,97032.jpg,4.2,0,van Dijk,70,van Dijk,1,Virgil van Dijk,223,Southampton,21,1857,1,0,1.37,0.48,0.07,0.02,Unfilled
97,0,0,3,2018-07-05T14:31:07Z,64,0,0,81880.jpg,0.0,0,Oxlade-Chamberlain,0,Chamberlain,0,Alex Oxlade-Chamberlain,151,Arsenal,29,1564,2,7,2.44,4.47,0.14,0.26,Unfilled
98,114,2,3,2018-10-22T10:01:16Z,53,0,0,56979.jpg,1.6,0,Henderson,2,Henderson,0,Jordan Henderson,184,Liverpool,24,2122,1,4,0.8,2.58,0.03,0.11,Unfilled
99,23,2,3,2018-09-04T14:31:13Z,69,0,0,39155.jpg,2.0,0,Lallana,46,Lallana,1,Adam Lallana,27,Liverpool,31,2371,8,7,4.51,4.11,0.17,0.16,Unfilled
100,150,6,3,2018-07-29T09:01:10Z,55,0,0,41733.jpg,3.3,0,Wijnaldum,158,Wijnaldum,1,Georginio Wijnaldum,53,Liverpool,36,2981,6,9,5.57,5.3,0.17,0.16,Unfilled
101,196,4,3,2018-10-20T15:31:16Z,56,0,0,15157.jpg,3.7,0,Milner,114,Milner,2,James Milner,35,Liverpool,36,3170,7,3,7.36,3.95,0.21,0.11,Unfilled
102,159,9,4,2018-09-15T14:31:15Z,92,0,0,92217.jpg,3.4,0,Firmino,306,Firmino,0,Roberto Firmino,18,Liverpool,35,3077,11,7,10.36,7.85,0.3,0.23,Unfilled
103,68,1,4,,58,0,0,40755.jpg,2.4,0,Sturridge,101,Sturridge,1,Daniel Sturridge,97,Liverpool,20,757,3,1,4.35,1.64,0.52,0.19,Unfilled
104,0,0,4,2018-10-20T18:31:17Z,50,0,0,152760.jpg,0.0,0,Origi,0,Origi,0,Divock Origi,34,Liverpool,34,1450,7,3,5.52,1.6,0.34,0.1,Unfilled
105,140,3,3,2018-07-29T08:31:08Z,86,0,1,103025.jpg,4.1,0,Mahrez,298,Mahrez,0,Riyad Mahrez,52,Leicester,36,2859,6,3,8.95,6.25,0.28,0.2,Unfilled
106,167,4,2,,53,0,0,97299.jpg,4.5,0,Stones,14,Stones,0,John Stones,326,Manchester City,27,2011,0,0,1.46,0.23,0.07,0.01,Unfilled
107,64,1,2,,52,0,0,17476.jpg,1.8,0,Kompany,8,Kompany,2,Vincent Kompany,106,Manchester City,11,826,3,0,0.69,0.57,0.08,0.06,Unfilled
108,211,6,2,2018-10-21T16:31:17Z,65,0,0,58621.jpg,5.8,0,Walker,52,Walker,0,Kyle Walker,342,Tottenham,33,2710,0,5,0.69,3.7,0.02,0.12,Unfilled
109,66,2,2,2018-10-01T08:31:14Z,53,0,0,41823.jpg,5.0,0,Delph,0,Delph,0,Fabian Delph,230,Manchester City,7,216,1,0,0.23,0.36,0.09,0.15,Unfilled
110,244,6,3,2018-09-03T18:31:13Z,111,0,0,103955.jpg,8.6,0,Sterling,499,Sterling,1,Raheem Sterling,39,Manchester City,33,2532,7,6,8.11,5.5,0.29,0.2,Unfilled
111,229,5,3,,85,0,0,20664.jpg,5.3,0,Silva,454,David Silva,1,David Silva,81,Manchester City,34,2775,4,7,6.24,8.12,0.2,0.26,Unfilled
112,8,0,3,2018-11-01T23:01:15Z,97,0,0,61366.jpg,0.7,0,De Bruyne,15,De Bruyne,1,Kevin De Bruyne,45,Manchester City,36,2893,6,18,6.77,15.89,0.21,0.49,Unfilled
113,0,0,1,2018-09-25T23:31:13Z,50,0,0,42899.jpg,0.0,0,Romero,0,Romero,0,Sergio Romero,315,Manchester United,2,180,0,0,0.0,0.0,0.0,0.0,Unfilled
114,132,1,2,2018-07-29T08:31:08Z,57,0,0,55909.jpg,2.9,0,Smalling,81,Smalling,1,Chris Smalling,190,Manchester United,18,1212,1,1,0.4,0.64,0.03,0.05,Unfilled
115,0,0,2,2018-10-28T15:01:14Z,49,0,0,58893.jpg,0.0,0,Rojo,0,Rojo,0,Marcos Rojo,176,Manchester United,21,1658,1,0,1.03,0.27,0.06,0.01,Unfilled
116,69,1,2,2018-10-24T09:01:16Z,64,0,0,20695.jpg,2.5,0,Valencia,3,Valencia,2,Antonio Valencia,189,Manchester United,28,2488,1,3,1.85,2.63,0.07,0.1,Unfilled
117,16,0,2,,46,0,0,40002.jpg,2.0,0,Darmian,7,Darmian,0,Matteo Darmian,313,Manchester United,18,1333,0,0,0.09,0.4,0.01,0.03,Unfilled
118,0,0,2,2018-07-18T10:05:48Z,50,0,0,58877.jpg,0.0,0,Blind,0,Blind,0,Daley Blind,175,Manchester United,23,1827,1,2,0.43,2.05,0.02,0.1,Unfilled
119,101,0,2,2018-10-06T15:31:14Z,57,0,0,18892.jpg,1.9,0,Young,11,Young,3,Ashley Young,339,Manchester United,12,757,0,1,0.25,0.87,0.03,0.1,Unfilled
120,93,1,3,2018-10-20T11:31:16Z,50,0,0,62398.jpg,1.5,1,Matic,58,Matic,2,Nemanja Matic,204,Chelsea,35,2699,1,7,1.13,3.06,0.04,0.1,Unfilled
121,81,1,3,,62,0,0,43670.jpg,2.8,0,Mata,67,Mata,1,Juan Mata,48,Manchester United,25,1641,6,3,5.67,4.54,0.31,0.25,Unfilled
122,89,1,3,2018-10-19T14:01:16Z,49,0,0,41184.jpg,2.4,0,Fellaini,109,Fellaini,0,Marouane Fellaini,191,Manchester United,28,1591,1,0,2.17,0.66,0.12,0.04,Unfilled
123,16,0,3,2018-10-20T11:31:16Z,50,0,0,59846.jpg,0.8,0,Herrera,57,Herrera,1,Ander Herrera,178,Manchester United,31,2466,1,6,1.43,4.0,0.05,0.15,Unfilled
124,46,1,3,2018-10-28T15:01:14Z,67,0,0,109322.jpg,1.7,0,Lingard,122,Lingard,0,Jesse Lingard,179,Manchester United,25,1384,1,2,3.76,2.2,0.24,0.14,Unfilled
125,152,0,3,,75,0,0,148225.jpg,6.4,0,Martial,230,Martial,1,Anthony Martial,77,Manchester United,25,1558,4,6,3.31,3.67,0.19,0.21,Unfilled
126,164,2,3,2018-11-09T21:31:13Z,80,0,2,74208.jpg,4.2,0,Pogba,439,Pogba,1,Paul Pogba,73,Manchester United,30,2606,5,4,6.51,5.59,0.22,0.19,Unfilled
127,65,2,4,2018-10-20T16:31:16Z,67,0,0,176297.jpg,2.5,1,Rashford,133,Rashford,1,Marcus Rashford,61,Manchester United,32,1687,5,1,6.27,1.99,0.33,0.11,Unfilled
128,110,1,4,2018-11-03T13:01:14Z,107,0,0,66749.jpg,3.8,0,Lukaku,375,Lukaku,1,Romelu Lukaku,2,Everton,37,3271,25,6,16.67,5.44,0.46,0.15,Unfilled
129,0,0,1,,43,0,0,40383.jpg,0.0,0,Forster,0,Forster,0,Fraser Forster,390,Southampton,38,3420,0,0,0.0,0.34,0.0,0.01,Unfilled
130,171,4,2,2018-11-10T19:01:15Z,48,0,0,40146.jpg,2.8,0,Bertrand,85,Bertrand,5,Ryan Bertrand,148,Southampton,28,2509,2,4,0.67,2.69,0.02,0.1,Unfilled
131,26,0,2,,42,0,0,80447.jpg,1.5,0,Yoshida,42,Yoshida,0,Maya Yoshida,226,Southampton,23,2070,1,0,1.9,0.18,0.08,0.01,Unfilled
132,3,0,3,,47,0,0,17339.jpg,1.0,0,Davis,0,Davis,0,Steven Davis,404,Southampton,32,2643,0,3,2.51,2.83,0.09,0.1,Unfilled
133,33,0,3,,51,0,0,101178.jpg,1.2,0,Ward-Prowse,28,Ward-Prowse,1,James Ward-Prowse,85,Southampton,30,1886,4,4,4.65,2.89,0.22,0.14,Unfilled
134,0,0,3,2018-07-21T11:01:08Z,55,0,0,128198.jpg,0.0,0,Boufal,0,Boufal,0,Sofiane Boufal,260,Southampton,24,1090,1,0,1.12,1.29,0.09,0.11,Unfilled
135,121,4,3,,53,0,0,83283.jpg,2.3,0,Redmond,231,Redmond,0,Nathan Redmond,40,Southampton,37,2917,7,1,4.82,5.89,0.15,0.18,Unfilled
136,29,1,4,2018-11-10T20:01:16Z,48,0,0,20452.jpg,1.6,0,Long,155,Long,0,Shane Long,111,Southampton,32,1231,3,1,5.25,1.57,0.38,0.11,Unfilled
137,13,4,4,2018-10-27T17:01:14Z,55,0,1,78356.jpg,1.2,0,Austin,156,Austin,0,Charlie Austin,56,Southampton,15,946,6,1,6.62,1.62,0.63,0.15,Unfilled
138,44,0,4,2018-09-20T13:31:13Z,56,0,0,61548.jpg,2.1,0,Gabbiadini,83,Gabbiadini,0,Manolo Gabbiadini,88,Southampton,11,737,4,0,3.82,0.34,0.47,0.04,Unfilled
139,22,0,2,,42,0,0,169359.jpg,2.0,0,Targett,4,Targett,0,Matt Targett,405,Southampton,5,373,0,0,0.08,0.29,0.02,0.07,Unfilled
140,188,4,1,2018-08-31T12:31:13Z,54,0,0,37915.jpg,5.3,0,Lloris,0,Lloris,0,Hugo Lloris,341,Tottenham,34,3004,0,0,0.0,0.04,0.0,0.0,Unfilled
141,36,0,1,2018-09-22T16:01:13Z,48,0,0,39215.jpg,2.5,0,Vorm,0,Vorm,0,Michel Vorm,345,Tottenham,5,416,0,0,0.0,0.0,0.0,0.0,Unfilled
142,235,5,2,,59,0,0,55605.jpg,3.6,0,Alderweireld,63,Alderweireld,1,Toby Alderweireld,193,Tottenham,30,2610,1,0,2.0,0.33,0.07,0.01,Unfilled
143,100,3,2,2018-10-06T17:01:15Z,59,0,0,38290.jpg,4.7,0,Rose,44,Rose,2,Danny Rose,136,Tottenham,18,1538,2,2,0.9,1.35,0.05,0.08,Unfilled
144,131,1,2,2018-09-29T16:31:13Z,59,0,0,39194.jpg,3.4,0,Vertonghen,55,Vertonghen,0,Jan Vertonghen,343,Tottenham,33,2902,0,0,0.59,0.31,0.02,0.01,Unfilled
145,122,2,2,,56,0,0,115556.jpg,2.3,0,Davies,75,Davies,1,Ben Davies,199,Tottenham,23,1729,1,3,0.43,2.61,0.02,0.14,Unfilled
146,258,4,2,2018-11-10T20:01:16Z,63,0,0,77794.jpg,5.4,0,Trippier,53,Trippier,1,Kieran Trippier,346,Tottenham,12,561,0,5,0.08,2.76,0.01,0.44,Unfilled
147,134,4,3,2018-11-10T16:31:13Z,48,0,0,93264.jpg,2.9,0,Dier,45,Dier,1,Eric Dier,137,Tottenham,36,3045,2,0,1.59,0.75,0.05,0.02,Unfilled
148,121,2,3,2018-11-10T20:01:16Z,65,0,0,62974.jpg,5.1,0,Lamela,232,Lamela,0,Erik Lamela,195,Tottenham,9,590,1,1,1.8,1.2,0.27,0.18,Unfilled
149,102,1,3,2018-09-27T12:31:15Z,92,0,0,80607.jpg,2.4,0,Eriksen,129,Eriksen,0,Christian Eriksen,30,Tottenham,36,3181,8,15,8.86,11.74,0.25,0.33,Unfilled
150,25,1,3,2018-11-10T16:31:13Z,49,0,0,54756.jpg,1.5,0,Wanyama,21,Wanyama,0,Victor Wanyama,84,Tottenham,36,3021,4,1,4.79,2.04,0.14,0.06,Unfilled
151,54,2,3,2018-08-18T13:01:12Z,55,0,0,157668.jpg,1.3,0,Winks,9,Winks,3,Harry Winks,235,Tottenham,21,455,1,1,1.02,0.67,0.2,0.13,Unfilled
152,103,3,3,2018-08-31T12:31:13Z,49,0,0,45268.jpg,3.0,0,Sissoko,63,Sissoko,0,Moussa Sissoko,379,Tottenham,25,878,0,2,0.87,1.04,0.09,0.11,Unfilled
153,5,0,4,,56,0,0,19760.jpg,1.0,0,Llorente,6,Llorente,0,Fernando Llorente,12,Swansea,33,2462,15,1,8.03,2.09,0.29,0.08,Unfilled
154,202,5,4,,124,0,0,78830.jpg,5.1,0,Kane,580,Kane,3,Harry Kane,1,Tottenham,30,2556,29,7,19.82,5.55,0.7,0.2,Unfilled
155,0,0,1,,43,0,0,18656.jpg,0.0,0,Gomes,0,Gomes,0,Heurelho Gomes,316,Watford,38,3339,0,0,0.0,0.04,0.0,0.0,Unfilled
156,188,3,2,2018-11-03T14:01:14Z,45,1,0,41338.jpg,3.2,0,Cathcart,137,Cathcart,1,Craig Cathcart,323,Watford,15,1154,0,1,0.14,0.72,0.01,0.06,Unfilled
157,0,0,2,2018-09-26T00:31:14Z,44,0,0,52153.jpg,0.0,0,Britos,0,Britos,0,Miguel Britos,181,Watford,27,2291,1,2,2.01,1.57,0.08,0.06,Unfilled
158,73,1,2,2018-10-06T17:01:15Z,45,0,0,85624.jpg,1.4,1,Kabasele,167,Kabasele,0,Christian Kabasele,162,Watford,16,767,2,0,1.67,0.1,0.2,0.01,Unfilled
159,105,1,2,2018-09-27T15:31:13Z,49,0,0,52940.jpg,3.3,0,Janmaat,30,Janmaat,2,Daryl Janmaat,144,Watford,27,1620,2,1,1.47,1.55,0.08,0.09,Unfilled
160,81,2,2,,42,0,0,20145.jpg,3.0,0,Mariappa,28,Mariappa,0,Adrian Mariappa,302,Watford,7,556,0,0,0.12,0.08,0.02,0.01,Unfilled
161,182,3,3,2018-11-04T20:31:15Z,51,0,0,38439.jpg,3.5,0,Capoue,75,Capoue,5,Etienne Capoue,38,Watford,37,3231,7,1,3.72,1.51,0.1,0.04,Unfilled
162,192,3,3,,64,0,0,61566.jpg,4.9,0,Pereyra,308,Pereyra,1,Roberto Pereyra,161,Watford,13,1044,2,2,1.38,1.7,0.12,0.15,Unfilled
163,36,2,3,2018-07-29T09:01:10Z,54,0,0,94924.jpg,3.6,0,Deulofeu,131,Deulofeu,1,Gerard Deulofeu,327,Everton,11,452,0,0,0.68,0.48,0.14,0.1,Unfilled
164,87,3,4,,60,0,0,73426.jpg,2.7,0,Gray,279,Gray,1,Andre Gray,25,Burnley,32,2279,9,3,7.56,1.47,0.3,0.06,Unfilled
165,106,1,4,2018-10-20T16:31:17Z,59,0,0,41725.jpg,3.4,0,Deeney,372,Deeney,1,Troy Deeney,20,Watford,37,2940,10,4,8.59,3.11,0.26,0.1,Unfilled
166,-3,0,4,2018-09-26T00:31:14Z,50,0,0,20046.jpg,0.0,0,Okaka,4,Okaka,1,Stefano Okaka,95,Watford,19,941,4,0,2.62,1.36,0.25,0.13,Unfilled
167,227,1,1,,45,0,0,37096.jpg,3.8,0,Fabianski,0,Fabianski,0,Lukasz Fabianski,359,Swansea,37,3330,0,0,0.0,0.0,0.0,0.0,Unfilled
168,0,0,2,2018-07-05T14:31:07Z,44,0,0,48717.jpg,0.0,0,Reid,0,Reid,0,Winston Reid,128,West Ham,30,2595,2,2,0.81,0.94,0.03,0.03,Unfilled
169,63,0,2,2018-07-29T08:31:08Z,51,0,0,55459.jpg,1.4,0,Cresswell,12,Cresswell,1,Aaron Cresswell,307,West Ham,26,2124,0,2,0.59,2.38,0.02,0.1,Unfilled
170,30,0,2,,42,0,0,40669.jpg,0.5,0,Ogbonna,10,Ogbonna,1,Angelo Ogbonna,306,West Ham,20,1757,0,0,0.07,0.27,0.0,0.01,Unfilled
171,131,1,2,,43,0,0,20658.jpg,2.7,0,Zabaleta,36,Zabaleta,3,Pablo Zabaleta,185,Manchester City,20,1055,1,1,0.7,0.46,0.06,0.04,Unfilled
172,83,1,3,2018-10-27T19:01:15Z,49,0,0,18073.jpg,2.1,1,Noble,41,Noble,2,Mark Noble,101,West Ham,30,2422,3,0,3.65,1.43,0.14,0.05,Unfilled
173,70,1,3,2018-10-20T18:01:17Z,44,0,0,59779.jpg,2.4,0,Obiang,77,Obiang,0,Pedro Obiang,174,West Ham,22,1778,1,1,0.38,0.47,0.02,0.02,Unfilled
174,0,0,3,2018-07-05T14:31:07Z,64,0,0,86934.jpg,0.0,0,Lanzini,0,Lanzini,0,Manuel Lanzini,29,West Ham,35,2727,8,2,6.07,4.01,0.2,0.13,Unfilled
175,54,2,3,2018-08-26T16:31:13Z,68,0,0,57531.jpg,2.0,0,Antonio,257,Antonio,1,Michail Antonio,22,West Ham,29,2451,9,3,9.79,3.39,0.36,0.12,Unfilled
176,0,0,4,2018-07-12T19:31:08Z,54,0,0,40142.jpg,0.0,0,Carroll,0,Carroll,0,Andy Carroll,37,West Ham,18,1318,7,1,4.52,1.72,0.31,0.12,Unfilled
